movieId,title,genre,keywords
1,Avengers,Action Superhero,Marvel Hero
2,Iron Man,Action Superhero,Marvel Technology
3,John Wick,Action Thriller,Assassin Revenge
4,The Dark Knight,Action Crime,Batman Joker
5,Inception,Sci-Fi Thriller,Dream Mind
6,Interstellar,Sci-Fi Drama,Space Time
7,Titanic,Romance Drama,Ship Love
8,The Notebook,Romance Drama,Love Story
9,La La Land,Romance Musical,Music Love
10,The Conjuring,Horror Thriller,Ghost Haunted
11,It,Horror Thriller,Clown Fear
12,Gladiator,Action Drama,Rome War
13,The Matrix,Sci-Fi Action,Virtual Reality
14,Deadpool,Action Comedy,Marvel Antihero
15,Parasite,Thriller Drama,Class Society
